id,depth,dip_angle,dip_azimuth,feature_type,auto_picked
1,7390.006537,75.495927,300.006834,Bedding,1
2,7390.690127,14.600220,89.930451,Bedding,1
3,7391.372963,39.497226,170.006707,Bedding,1
4,7392.056918,14.603927,169.886849,Bedding,1
5,7392.739854,39.563595,349.984576,Bedding,1
6,7393.423125,60.710970,280.016014,Bedding,1
7,7394.106560,69.129389,9.971600,Bedding,1
8,7394.790551,69.141271,299.991644,Bedding,1
9,7395.473708,39.555512,109.996376,Bedding,1
10,7396.157278,10.055488,70.337444,Bedding,1
11,7396.839901,50.536727,69.990932,Bedding,1
12,7397.523837,69.143757,40.041948,Bedding,1
13,7398.206605,80.000843,289.994832,Bedding,1
14,7398.891104,69.145848,310.007503,Bedding,1
15,7399.573228,6.878008,90.085999,Bedding,1
16,7400.256143,69.148450,170.007217,Bedding,1
17,7400.940317,4.712530,240.208253,Bedding,1
18,7401.624308,6.917681,269.816800,Bedding,1
19,7402.305238,29.375680,160.035667,Bedding,1
20,7402.988428,2.207218,249.870207,Bedding,1
21,7403.673370,10.063566,50.104700,Bedding,1
22,7404.355943,1.617833,198.531131,Bedding,1
23,7405.038670,20.903451,129.993745,Bedding,1
24,7405.724018,29.353820,160.106120,Bedding,1
25,7406.406757,75.468412,190.010082,Bedding,1
26,7407.090726,75.472218,320.001782,Bedding,1
27,7407.773502,69.138260,210.019051,Bedding,1
28,7408.457958,9.996586,359.541602,Bedding,1
29,7409.141917,2.254388,50.348737,Bedding,1
30,7409.825817,0.626086,115.488607,Bedding,1
31,7410.506389,60.727088,269.970439,Bedding,1
32,7411.189808,39.464042,169.971524,Bedding,1
33,7411.873474,4.836480,139.409540,Bedding,1
34,7412.557265,69.138701,330.020132,Bedding,1
35,7413.239799,80.001733,229.993679,Bedding,1
36,7413.923011,69.141566,359.965910,Bedding,1
37,7414.608674,4.612548,209.933394,Bedding,1
38,7415.289818,6.890270,30.069606,Bedding,1
39,7415.972665,75.469235,99.986664,Bedding,1
40,7416.659295,0.332316,69.927069,Bedding,1
41,7417.340367,69.139306,90.000209,Bedding,1
42,7418.023557,50.507041,250.001787,Bedding,1
43,7418.705900,69.141726,209.999227,Bedding,1
44,7419.389945,14.555344,129.747206,Bedding,1
45,7420.072334,0.920758,94.726250,Bedding,1
46,7420.757970,10.057182,170.280709,Bedding,1
47,7421.438446,4.639760,90.126123,Bedding,1
48,7422.123946,75.470312,99.997771,Bedding,1
49,7422.807692,75.472489,339.996834,Bedding,1
50,7423.489808,79.999135,199.994677,Bedding,1
51,7424.174279,69.144232,210.009799,Bedding,1
52,7424.856270,20.854816,60.153574,Bedding,1
53,7425.539387,14.604397,39.806268,Bedding,1
54,7426.223817,60.731211,259.974228,Bedding,1
55,7426.905620,10.021619,170.331271,Bedding,1
56,7427.590708,6.844725,200.180942,Bedding,1
57,7428.272691,79.998220,9.995557,Bedding,1
58,7428.955653,60.727450,140.003752,Bedding,1
59,7429.639134,3.198804,279.058211,Bedding,1
60,7430.326107,0.631037,22.863242,Bedding,1
61,7431.007007,39.553393,250.018615,Bedding,1
62,7431.690176,50.504700,170.048734,Bedding,1
63,7432.373352,69.139248,60.007257,Bedding,1
64,7433.056106,79.997038,239.999261,Bedding,1
65,7433.740626,50.499328,49.972027,Bedding,1
66,7434.422251,10.059275,189.838394,Bedding,1
67,7435.107402,6.852731,99.902133,Bedding,1
68,7435.790116,75.466784,49.990960,Bedding,1
69,7436.474463,75.466039,359.982981,Bedding,1
70,7437.155788,75.468599,189.989710,Bedding,1
71,7437.840216,79.996801,60.020983,Bedding,1
72,7438.522437,75.470232,260.000118,Bedding,1
73,7439.207241,10.129297,239.804990,Bedding,1
74,7439.889532,79.999629,329.998760,Bedding,1
75,7440.573710,50.508720,340.047311,Bedding,1
76,7441.255107,0.754224,233.116208,Bedding,1
77,7441.939897,39.536417,189.995612,Bedding,1
78,7442.623739,69.138164,279.999072,Bedding,1
79,7443.306541,50.509133,170.041728,Bedding,1
80,7443.989684,75.466346,99.992116,Bedding,1
81,7444.673309,3.115656,69.474943,Bedding,1
82,7445.355920,3.131679,9.126384,Bedding,1
83,7446.039515,79.996056,160.009329,Bedding,1
84,7446.723742,50.530976,209.964961,Bedding,1
85,7447.405681,75.477105,239.987896,Bedding,1
86,7448.090300,0.737015,281.654454,Bedding,1
87,7448.773277,7.002679,80.090414,Bedding,1
88,7449.455986,75.476442,60.004373,Bedding,1
89,7450.139107,75.470215,159.992492,Bedding,1
90,7450.821347,50.517897,220.003837,Bedding,1
91,7451.505873,79.998449,29.995592,Bedding,1
92,7452.190078,69.140403,69.988609,Bedding,1
93,7452.871622,75.468830,319.984261,Bedding,1
94,7453.555586,75.464858,170.011821,Bedding,1
95,7454.240624,79.998828,90.000933,Bedding,1
96,7454.923189,80.001569,89.995074,Bedding,1
97,7455.606800,69.143990,259.994412,Bedding,1
98,7456.288894,2.251701,130.457555,Bedding,1
99,7456.972346,3.157198,199.812852,Bedding,1
100,7457.656470,29.313701,350.008646,Bedding,1
101,7458.339324,60.766266,349.993360,Bedding,1
102,7459.023173,50.501689,339.991713,Bedding,1
103,7459.706175,79.998399,60.000241,Bedding,1
104,7460.388449,3.263376,81.693620,Bedding,1
105,7461.073861,50.481466,270.031134,Bedding,1
106,7461.756231,50.547656,239.984361,Bedding,1
107,7462.439122,60.713357,29.975789,Bedding,1
108,7463.122584,75.468645,190.002058,Bedding,1
109,7463.806921,75.474268,309.999516,Bedding,1
110,7464.490302,69.125649,229.994133,Bedding,1
111,7465.172668,50.483639,299.994642,Bedding,1
112,7465.856858,39.574894,269.945483,Bedding,1
113,7466.539934,79.998281,50.005899,Bedding,1
114,7467.222459,79.999564,349.999549,Bedding,1
115,7467.904859,6.836887,280.813620,Bedding,1
116,7468.590176,39.576786,269.989234,Bedding,1
117,7469.272962,4.628185,60.562566,Bedding,1
118,7469.956709,75.472160,269.996560,Bedding,1
119,7470.640736,79.999801,159.988663,Bedding,1
120,7471.322870,60.727792,100.054184,Bedding,1
121,7472.006642,2.210222,79.992309,Bedding,1
122,7472.690710,75.464954,179.996425,Bedding,1
123,7473.374231,60.719615,330.001395,Bedding,1
124,7474.055907,60.723138,99.981733,Bedding,1
125,7474.740291,39.559296,300.128489,Bedding,1
126,7475.423093,9.957449,109.906523,Bedding,1
127,7476.105612,39.549192,340.027178,Bedding,1
128,7476.790346,4.748717,340.507227,Bedding,1
129,7477.474254,69.139762,190.002202,Bedding,1
130,7478.157117,50.496035,260.039092,Bedding,1
131,7478.839733,3.100775,359.312246,Bedding,1
132,7479.523090,9.977196,29.786475,Bedding,1
133,7480.206991,39.517026,319.988537,Bedding,1
134,7480.889965,79.999243,80.003547,Bedding,1
135,7481.571800,79.997887,29.999740,Bedding,1
136,7482.256406,79.997868,99.996536,Bedding,1
137,7482.939886,69.145983,40.003184,Bedding,1
138,7483.623405,29.348276,110.160073,Bedding,1
139,7484.306862,50.547021,329.903221,Bedding,1
140,7484.989403,69.141960,9.968056,Bedding,1
141,7485.672998,39.574892,330.013162,Bedding,1
142,7486.356779,69.146130,10.001924,Bedding,1
143,7487.039428,50.501544,240.072539,Bedding,1
144,7487.722852,75.468509,230.007615,Bedding,1
145,7488.404638,39.540924,20.098448,Bedding,1
146,7489.088563,50.504455,339.937270,Bedding,1
147,7489.771793,39.511319,330.193337,Bedding,1
148,7490.455892,50.552023,90.052562,Bedding,1
149,7491.138191,79.995708,329.999082,Bedding,1
150,7491.824699,75.471317,169.992383,Bedding,1
151,7492.507726,29.300884,339.884976,Bedding,1
152,7493.189984,50.533650,349.904432,Bedding,1
153,7493.873232,50.532504,209.944279,Bedding,1
154,7494.555704,39.531329,320.041655,Bedding,1
155,7495.239728,14.570606,220.106719,Bedding,1
156,7495.924427,69.142057,9.977832,Bedding,1
157,7496.606436,6.881372,29.554877,Bedding,1
158,7497.289314,29.317232,329.938230,Bedding,1
159,7497.972589,14.620163,119.875809,Bedding,1
160,7498.656913,6.900131,90.136462,Bedding,1
161,7499.339340,75.473805,40.004747,Bedding,1
162,7500.023224,79.999430,289.997410,Bedding,1
163,7500.706748,75.466894,29.974195,Bedding,1
164,7501.387658,75.470497,150.025703,Bedding,1
165,7502.072649,75.472353,109.985743,Bedding,1
166,7502.756334,75.473288,90.032474,Bedding,1
167,7503.439960,60.743191,249.998760,Bedding,1
168,7504.125391,79.998364,69.999356,Bedding,1
169,7504.806214,14.511766,150.222565,Bedding,1
170,7505.489664,39.506131,70.061922,Bedding,1
171,7506.173035,60.707293,140.017580,Bedding,1
172,7506.855676,29.417491,120.095541,Bedding,1
173,7507.540506,75.469388,160.018096,Bedding,1
174,7508.223867,20.800120,39.914854,Bedding,1
175,7508.908395,14.499276,49.896587,Bedding,1
176,7509.587764,20.889736,29.899698,Bedding,1
177,7510.273604,1.066981,107.621368,Bedding,1
178,7510.956572,75.470770,330.008100,Bedding,1
179,7511.640017,39.478695,189.988160,Bedding,1
180,7512.323647,2.977430,188.933921,Bedding,1
181,7513.005314,9.934307,230.152170,Bedding,1
182,7513.689304,10.097375,319.842006,Bedding,1
183,7514.372840,6.935748,170.031252,Bedding,1
184,7515.056636,20.911181,80.250102,Bedding,1
185,7515.739289,29.329381,40.106279,Bedding,1
186,7516.424085,79.997625,170.003551,Bedding,1
187,7517.107378,10.109050,30.301267,Bedding,1
188,7517.791187,10.109801,50.022231,Bedding,1
189,7518.475207,2.141864,190.328304,Bedding,1
190,7519.157217,9.996139,19.973002,Bedding,1
191,7519.839136,20.940814,10.169913,Bedding,1
192,7520.523171,50.501624,189.979340,Bedding,1
193,7521.206912,60.735199,200.033439,Bedding,1
194,7521.893268,0.018105,128.250421,Bedding,1
195,7522.573141,3.204033,240.029744,Bedding,1
196,7523.257162,50.505349,19.987522,Bedding,1
197,7523.940711,60.728348,169.982738,Bedding,1
198,7524.622972,50.486866,180.037274,Bedding,1
199,7525.306662,39.458326,149.953368,Bedding,1
200,7525.990072,4.635411,229.186406,Bedding,1
201,7526.671341,75.459460,159.984171,Bedding,1
